{
	"info": {
		"_postman_id": "f6793ccd-2e86-4fae-aa7d-f02061e7d20d",
		"name": "服创2019",
		"schema": "https://schema.getpostman.com/json/collection/v2.0.0/collection.json"
	},
	"item": [
		{
			"name": "公开API",
			"item": [
				{
					"name": "短信",
					"item": [
						{
							"name": "发短信",
							"request": {
								"method": "GET",
								"header": [],
								"body": {
									"mode": "raw",
									"raw": ""
								},
								"url": {
									"raw": "http://localhost:8080/api/public/send_msg?phone=15011112222",
									"protocol": "http",
									"host": [
										"localhost"
									],
									"port": "8080",
									"path": [
										"api",
										"public",
										"send_msg"
									],
									"query": [
										{
											"key": "phone",
											"value": "15011112222"
										}
									]
								}
							},
							"response": []
						},
						{
							"name": "查看验证码",
							"request": {
								"method": "GET",
								"header": [],
								"body": {
									"mode": "raw",
									"raw": ""
								},
								"url": "http://localhost:8080/api/public/see_msg/15011112222"
							},
							"response": []
						}
					],
					"_postman_isSubFolder": true
				},
				{
					"name": "组",
					"item": [
						{
							"name": "组列表",
							"request": {
								"method": "GET",
								"header": [],
								"body": {
									"mode": "raw",
									"raw": ""
								},
								"url": "http://localhost:8080/api/public/group"
							},
							"response": []
						},
						{
							"name": "组详情",
							"request": {
								"method": "GET",
								"header": [],
								"body": {
									"mode": "raw",
									"raw": ""
								},
								"url": "http://localhost:8080/api/public/group/2"
							},
							"response": []
						}
					],
					"_postman_isSubFolder": true
				},
				{
					"name": "会议室",
					"item": [
						{
							"name": "列表",
							"request": {
								"method": "GET",
								"header": [],
								"body": {
									"mode": "raw",
									"raw": ""
								},
								"url": "http://localhost:8080/api/public/room"
							},
							"response": []
						},
						{
							"name": "详情",
							"request": {
								"method": "GET",
								"header": [],
								"body": {
									"mode": "raw",
									"raw": ""
								},
								"url": "http://localhost:8080/api/public/room/3"
							},
							"response": []
						},
						{
							"name": "设备一览",
							"request": {
								"method": "GET",
								"header": [],
								"body": {
									"mode": "raw",
									"raw": ""
								},
								"url": "http://localhost:8080/api/public/room/devices"
							},
							"response": []
						},
						{
							"name": "筛选示例-1",
							"request": {
								"method": "GET",
								"header": [],
								"body": {
									"mode": "raw",
									"raw": ""
								},
								"url": {
									"raw": "http://localhost:8080/api/public/room/filter?condition={\"addr\":\"B\"}",
									"protocol": "http",
									"host": [
										"localhost"
									],
									"port": "8080",
									"path": [
										"api",
										"public",
										"room",
										"filter"
									],
									"query": [
										{
											"key": "condition",
											"value": "{\"addr\":\"B\"}"
										}
									]
								}
							},
							"response": []
						},
						{
							"name": "筛选示例-2",
							"request": {
								"method": "POST",
								"header": [
									{
										"key": "Content-Type",
										"name": "Content-Type",
										"value": "application/x-www-form-urlencoded",
										"type": "text"
									}
								],
								"body": {
									"mode": "urlencoded",
									"urlencoded": [
										{
											"key": "condition",
											"value": "{\"devices\":{\"4\": 1}}",
											"type": "text"
										}
									]
								},
								"url": "http://localhost:8080/api/public/room/filter"
							},
							"response": []
						},
						{
							"name": "筛选示例-3",
							"request": {
								"method": "POST",
								"header": [
									{
										"key": "Content-Type",
										"name": "Content-Type",
										"value": "application/x-www-form-urlencoded",
										"type": "text"
									}
								],
								"body": {
									"mode": "urlencoded",
									"urlencoded": [
										{
											"key": "condition",
											"value": "{\"addr\":\"C\", \"devices\":{\"4\": 1}}",
											"type": "text"
										}
									]
								},
								"url": "http://localhost:8080/api/public/room/filter"
							},
							"response": []
						}
					],
					"_postman_isSubFolder": true
				},
				{
					"name": "请求错误",
					"request": {
						"method": "GET",
						"header": [],
						"body": {
							"mode": "raw",
							"raw": ""
						},
						"url": "http://localhost:8080/api/public/param_error"
					},
					"response": []
				}
			]
		},
		{
			"name": "用户API",
			"item": [
				{
					"name": "注册",
					"request": {
						"method": "GET",
						"header": [],
						"body": {
							"mode": "raw",
							"raw": ""
						},
						"url": {
							"raw": "http://localhost:8080/api/user/register?phone=15011112222&password=123456&msg=248288&name=MagicDragon",
							"protocol": "http",
							"host": [
								"localhost"
							],
							"port": "8080",
							"path": [
								"api",
								"user",
								"register"
							],
							"query": [
								{
									"key": "phone",
									"value": "15011112222"
								},
								{
									"key": "password",
									"value": "123456"
								},
								{
									"key": "msg",
									"value": "248288",
									"description": "验证码"
								},
								{
									"key": "name",
									"value": "MagicDragon"
								}
							]
						}
					},
					"response": []
				},
				{
					"name": "登出",
					"request": {
						"method": "GET",
						"header": [],
						"body": {
							"mode": "raw",
							"raw": ""
						},
						"url": "http://localhost:8080/api/user/logout"
					},
					"response": []
				},
				{
					"name": "登录",
					"request": {
						"method": "GET",
						"header": [],
						"body": {
							"mode": "raw",
							"raw": ""
						},
						"url": {
							"raw": "http://localhost:8080/api/user/login?phone=15011112222&password=123456",
							"protocol": "http",
							"host": [
								"localhost"
							],
							"port": "8080",
							"path": [
								"api",
								"user",
								"login"
							],
							"query": [
								{
									"key": "phone",
									"value": "15011112222"
								},
								{
									"key": "password",
									"value": "123456"
								}
							]
						}
					},
					"response": []
				},
				{
					"name": "查看用户信息",
					"request": {
						"method": "GET",
						"header": [],
						"body": {
							"mode": "raw",
							"raw": ""
						},
						"url": "http://localhost:8080/api/user/info"
					},
					"response": []
				},
				{
					"name": "用户无权限",
					"request": {
						"method": "GET",
						"header": [],
						"body": {
							"mode": "raw",
							"raw": ""
						},
						"url": "http://localhost:8080/api/user/reject"
					},
					"response": []
				},
				{
					"name": "修改用户信息",
					"request": {
						"method": "PUT",
						"header": [],
						"body": {
							"mode": "raw",
							"raw": ""
						},
						"url": {
							"raw": "http://localhost:8080/api/user/info?name=MagicDragonXXX",
							"protocol": "http",
							"host": [
								"localhost"
							],
							"port": "8080",
							"path": [
								"api",
								"user",
								"info"
							],
							"query": [
								{
									"key": "name",
									"value": "MagicDragonXXX"
								}
							]
						}
					},
					"response": []
				},
				{
					"name": "修改用户密码",
					"request": {
						"method": "POST",
						"header": [],
						"body": {
							"mode": "raw",
							"raw": ""
						},
						"url": {
							"raw": "http://localhost:8080/api/user/info?old=123456&password=654321",
							"protocol": "http",
							"host": [
								"localhost"
							],
							"port": "8080",
							"path": [
								"api",
								"user",
								"info"
							],
							"query": [
								{
									"key": "old",
									"value": "123456"
								},
								{
									"key": "password",
									"value": "654321"
								}
							]
						}
					},
					"response": []
				},
				{
					"name": "系统管理员登录",
					"request": {
						"method": "GET",
						"header": [],
						"body": {
							"mode": "raw",
							"raw": ""
						},
						"url": {
							"raw": "http://localhost:8080/api/user/login?phone=admin&password=123456",
							"protocol": "http",
							"host": [
								"localhost"
							],
							"port": "8080",
							"path": [
								"api",
								"user",
								"login"
							],
							"query": [
								{
									"key": "phone",
									"value": "admin"
								},
								{
									"key": "password",
									"value": "123456"
								}
							]
						}
					},
					"response": []
				},
				{
					"name": "组管理员登录",
					"request": {
						"method": "GET",
						"header": [],
						"body": {
							"mode": "raw",
							"raw": ""
						},
						"url": {
							"raw": "http://localhost:8080/api/user/login?phone=15061110998&password=123456",
							"protocol": "http",
							"host": [
								"localhost"
							],
							"port": "8080",
							"path": [
								"api",
								"user",
								"login"
							],
							"query": [
								{
									"key": "phone",
									"value": "15061110998"
								},
								{
									"key": "password",
									"value": "123456"
								}
							]
						}
					},
					"response": []
				}
			]
		},
		{
			"name": "系统管理",
			"item": [
				{
					"name": "组管理",
					"item": [
						{
							"name": "添加",
							"request": {
								"method": "POST",
								"header": [],
								"body": {
									"mode": "raw",
									"raw": ""
								},
								"url": {
									"raw": "http://localhost:8080/api/sys/group?name=风林火山项目组",
									"protocol": "http",
									"host": [
										"localhost"
									],
									"port": "8080",
									"path": [
										"api",
										"sys",
										"group"
									],
									"query": [
										{
											"key": "name",
											"value": "风林火山项目组"
										}
									]
								}
							},
							"response": []
						},
						{
							"name": "修改",
							"request": {
								"method": "PUT",
								"header": [],
								"body": {
									"mode": "raw",
									"raw": ""
								},
								"url": {
									"raw": "http://localhost:8080/api/sys/group/4?name=组员已全部离职",
									"protocol": "http",
									"host": [
										"localhost"
									],
									"port": "8080",
									"path": [
										"api",
										"sys",
										"group",
										"4"
									],
									"query": [
										{
											"key": "name",
											"value": "组员已全部离职"
										}
									]
								}
							},
							"response": []
						},
						{
							"name": "删除",
							"request": {
								"method": "DELETE",
								"header": [],
								"body": {
									"mode": "raw",
									"raw": ""
								},
								"url": "http://localhost:8080/api/sys/group/4"
							},
							"response": []
						},
						{
							"name": "设置管理员",
							"request": {
								"method": "POST",
								"header": [],
								"body": {
									"mode": "raw",
									"raw": ""
								},
								"url": "http://localhost:8080/api/sys/group/3/admin/4"
							},
							"response": []
						},
						{
							"name": "移除管理员",
							"request": {
								"method": "DELETE",
								"header": [],
								"body": {
									"mode": "raw",
									"raw": ""
								},
								"url": "http://localhost:8080/api/sys/group/3/admin/4"
							},
							"response": []
						}
					],
					"_postman_isSubFolder": true
				},
				{
					"name": "用户管理",
					"item": [
						{
							"name": "添加用户到组（通过id）",
							"request": {
								"method": "POST",
								"header": [],
								"body": {
									"mode": "raw",
									"raw": ""
								},
								"url": {
									"raw": "http://localhost:8080/api/admin/user/6?group=3",
									"protocol": "http",
									"host": [
										"localhost"
									],
									"port": "8080",
									"path": [
										"api",
										"admin",
										"user",
										"6"
									],
									"query": [
										{
											"key": "group",
											"value": "3"
										}
									]
								}
							},
							"response": []
						},
						{
							"name": "从组中移除用户（通过id）",
							"request": {
								"method": "DELETE",
								"header": [],
								"body": {
									"mode": "raw",
									"raw": ""
								},
								"url": {
									"raw": "http://localhost:8080/api/admin/user/5?group=3",
									"protocol": "http",
									"host": [
										"localhost"
									],
									"port": "8080",
									"path": [
										"api",
										"admin",
										"user",
										"5"
									],
									"query": [
										{
											"key": "group",
											"value": "3"
										}
									]
								}
							},
							"response": []
						},
						{
							"name": "添加用户到组（通过phone）",
							"request": {
								"method": "POST",
								"header": [],
								"body": {
									"mode": "raw",
									"raw": ""
								},
								"url": {
									"raw": "http://localhost:8080/api/admin/user?group=3&phone=15012345678",
									"protocol": "http",
									"host": [
										"localhost"
									],
									"port": "8080",
									"path": [
										"api",
										"admin",
										"user"
									],
									"query": [
										{
											"key": "group",
											"value": "3"
										},
										{
											"key": "phone",
											"value": "15012345678"
										}
									]
								}
							},
							"response": []
						},
						{
							"name": "从组中移除用户（通过phone）",
							"request": {
								"method": "DELETE",
								"header": [],
								"body": {
									"mode": "raw",
									"raw": ""
								},
								"url": {
									"raw": "http://localhost:8080/api/admin/user?group=3&phone=15012345678",
									"protocol": "http",
									"host": [
										"localhost"
									],
									"port": "8080",
									"path": [
										"api",
										"admin",
										"user"
									],
									"query": [
										{
											"key": "group",
											"value": "3"
										},
										{
											"key": "phone",
											"value": "15012345678"
										}
									]
								}
							},
							"response": []
						}
					],
					"_postman_isSubFolder": true
				},
				{
					"name": "设备管理",
					"item": [
						{
							"name": "添加",
							"request": {
								"method": "POST",
								"header": [],
								"body": {
									"mode": "raw",
									"raw": ""
								},
								"url": {
									"raw": "http://localhost:8080/api/sys/device?name=投影&type=放映设备&ext={}",
									"protocol": "http",
									"host": [
										"localhost"
									],
									"port": "8080",
									"path": [
										"api",
										"sys",
										"device"
									],
									"query": [
										{
											"key": "name",
											"value": "投影"
										},
										{
											"key": "type",
											"value": "放映设备"
										},
										{
											"key": "ext",
											"value": "{}"
										}
									]
								}
							},
							"response": []
						},
						{
							"name": "列表",
							"request": {
								"method": "GET",
								"header": [],
								"body": {
									"mode": "raw",
									"raw": ""
								},
								"url": "http://localhost:8080/api/sys/device"
							},
							"response": []
						},
						{
							"name": "详情",
							"request": {
								"method": "GET",
								"header": [],
								"body": {
									"mode": "raw",
									"raw": ""
								},
								"url": "http://localhost:8080/api/sys/device/1"
							},
							"response": []
						},
						{
							"name": "修改",
							"request": {
								"method": "PUT",
								"header": [],
								"body": {
									"mode": "raw",
									"raw": ""
								},
								"url": {
									"raw": "http://localhost:8080/api/sys/device/1?name=大屏幕",
									"protocol": "http",
									"host": [
										"localhost"
									],
									"port": "8080",
									"path": [
										"api",
										"sys",
										"device",
										"1"
									],
									"query": [
										{
											"key": "name",
											"value": "大屏幕"
										},
										{
											"key": "type",
											"value": "放映设备",
											"disabled": true
										},
										{
											"key": "ext",
											"value": "{}",
											"disabled": true
										}
									]
								}
							},
							"response": []
						},
						{
							"name": "删除",
							"request": {
								"method": "DELETE",
								"header": [],
								"body": {
									"mode": "raw",
									"raw": ""
								},
								"url": "http://localhost:8080/api/sys/device/2"
							},
							"response": []
						}
					],
					"_postman_isSubFolder": true
				},
				{
					"name": "会议室管理",
					"item": [
						{
							"name": "添加",
							"request": {
								"method": "POST",
								"header": [],
								"body": {
									"mode": "raw",
									"raw": ""
								},
								"url": {
									"raw": "http://localhost:8080/api/sys/room?name=102会议室&addr=A座一层",
									"protocol": "http",
									"host": [
										"localhost"
									],
									"port": "8080",
									"path": [
										"api",
										"sys",
										"room"
									],
									"query": [
										{
											"key": "name",
											"value": "102会议室"
										},
										{
											"key": "addr",
											"value": "A座一层"
										}
									]
								}
							},
							"response": []
						},
						{
							"name": "删除",
							"request": {
								"method": "DELETE",
								"header": [],
								"body": {
									"mode": "raw",
									"raw": ""
								},
								"url": "http://localhost:8080/api/sys/room/2"
							},
							"response": []
						},
						{
							"name": "修改",
							"request": {
								"method": "PUT",
								"header": [],
								"body": {
									"mode": "raw",
									"raw": ""
								},
								"url": {
									"raw": "http://localhost:8080/api/sys/room/1?addr=C座二楼",
									"protocol": "http",
									"host": [
										"localhost"
									],
									"port": "8080",
									"path": [
										"api",
										"sys",
										"room",
										"1"
									],
									"query": [
										{
											"key": "addr",
											"value": "C座二楼"
										}
									]
								}
							},
							"response": []
						},
						{
							"name": "添加设备",
							"request": {
								"method": "POST",
								"header": [],
								"body": {
									"mode": "raw",
									"raw": ""
								},
								"url": {
									"raw": "http://localhost:8080/api/sys/room/1/devices?device=1&num=2",
									"protocol": "http",
									"host": [
										"localhost"
									],
									"port": "8080",
									"path": [
										"api",
										"sys",
										"room",
										"1",
										"devices"
									],
									"query": [
										{
											"key": "device",
											"value": "1"
										},
										{
											"key": "num",
											"value": "2"
										}
									]
								}
							},
							"response": []
						},
						{
							"name": "修改设备数量",
							"request": {
								"method": "PUT",
								"header": [],
								"body": {
									"mode": "raw",
									"raw": ""
								},
								"url": {
									"raw": "http://localhost:8080/api/sys/room/devices/1?num=1",
									"protocol": "http",
									"host": [
										"localhost"
									],
									"port": "8080",
									"path": [
										"api",
										"sys",
										"room",
										"devices",
										"1"
									],
									"query": [
										{
											"key": "num",
											"value": "1"
										}
									]
								},
								"description": "注意！！！\n\n/devices/{roomDeviceId}\n\nnum=0 删除"
							},
							"response": []
						},
						{
							"name": "删除设备组",
							"request": {
								"method": "PUT",
								"header": [],
								"body": {
									"mode": "raw",
									"raw": ""
								},
								"url": {
									"raw": "http://localhost:8080/api/sys/room/devices/1?num=0",
									"protocol": "http",
									"host": [
										"localhost"
									],
									"port": "8080",
									"path": [
										"api",
										"sys",
										"room",
										"devices",
										"1"
									],
									"query": [
										{
											"key": "num",
											"value": "0"
										}
									]
								}
							},
							"response": []
						}
					],
					"_postman_isSubFolder": true
				}
			]
		},
		{
			"name": "测试集",
			"item": [
				{
					"name": "testing-1",
					"request": {
						"method": "GET",
						"header": [],
						"body": {
							"mode": "raw",
							"raw": ""
						},
						"url": "http://localhost:8080/api/public/group/3"
					},
					"response": []
				},
				{
					"name": "testing-2",
					"request": {
						"method": "GET",
						"header": [],
						"body": {
							"mode": "raw",
							"raw": ""
						},
						"url": "http://localhost:8080/api/public/group/3"
					},
					"response": []
				},
				{
					"name": "testing-3",
					"request": {
						"method": "GET",
						"header": [],
						"body": {
							"mode": "raw",
							"raw": ""
						},
						"url": "http://localhost:8080/api/public/room/1"
					},
					"response": []
				}
			]
		},
		{
			"name": "会议模块",
			"item": [
				{
					"name": "预定相关",
					"item": [
						{
							"name": "获取当前用户的会议列表",
							"request": {
								"method": "GET",
								"header": [],
								"body": {
									"mode": "raw",
									"raw": ""
								},
								"url": "http://localhost:8080/api/user/meeting"
							},
							"response": []
						},
						{
							"name": "预定会议",
							"request": {
								"method": "POST",
								"header": [
									{
										"key": "Content-Type",
										"name": "Content-Type",
										"value": "application/x-www-form-urlencoded",
										"type": "text"
									}
								],
								"body": {
									"mode": "urlencoded",
									"urlencoded": [
										{
											"key": "roomId",
											"value": "1",
											"type": "text"
										},
										{
											"key": "name",
											"value": "系统一大",
											"type": "text"
										},
										{
											"key": "desc",
											"value": "系统第一次代表大会",
											"type": "text"
										},
										{
											"key": "startTime",
											"value": "2019/1/27 11:11:00",
											"type": "text"
										},
										{
											"key": "endTime",
											"value": "2019/1/27 13:11:00",
											"type": "text"
										}
									]
								},
								"url": "http://localhost:8080/api/user/meeting"
							},
							"response": []
						},
						{
							"name": "删除预定",
							"request": {
								"method": "DELETE",
								"header": [],
								"body": {
									"mode": "raw",
									"raw": ""
								},
								"url": "http://localhost:8080/api/user/meeting/1"
							},
							"response": []
						},
						{
							"name": "获取预定详情",
							"request": {
								"method": "GET",
								"header": [],
								"body": {
									"mode": "raw",
									"raw": ""
								},
								"url": "http://localhost:8080/api/user/meeting/2"
							},
							"response": []
						},
						{
							"name": "修改预定",
							"request": {
								"method": "PUT",
								"header": [
									{
										"key": "Content-Type",
										"name": "Content-Type",
										"value": "application/x-www-form-urlencoded",
										"type": "text"
									}
								],
								"body": {
									"mode": "urlencoded",
									"urlencoded": [
										{
											"key": "name",
											"value": "系统一大",
											"type": "text",
											"disabled": true
										},
										{
											"key": "desc",
											"value": "系统第一次代表大会第一次会议",
											"type": "text"
										}
									]
								},
								"url": "http://localhost:8080/api/user/meeting/2"
							},
							"response": []
						},
						{
							"name": "延迟结束时间",
							"request": {
								"method": "POST",
								"header": [
									{
										"key": "Content-Type",
										"name": "Content-Type",
										"value": "application/x-www-form-urlencoded",
										"type": "text"
									}
								],
								"body": {
									"mode": "urlencoded",
									"urlencoded": [
										{
											"key": "time",
											"value": "2019/1/27 14:11:00",
											"type": "text"
										}
									]
								},
								"url": "http://localhost:8080/api/user/meeting/delay/2"
							},
							"response": []
						}
					],
					"_postman_isSubFolder": true
				},
				{
					"name": "与会人员",
					"item": [
						{
							"name": "添加人员",
							"request": {
								"method": "POST",
								"header": [],
								"body": {
									"mode": "raw",
									"raw": ""
								},
								"url": "http://localhost:8080/api/user/meeting/2/user/6"
							},
							"response": []
						},
						{
							"name": "添加一组人员",
							"request": {
								"method": "POST",
								"header": [],
								"body": {
									"mode": "raw",
									"raw": ""
								},
								"url": "http://localhost:8080/api/user/meeting/2/group/3"
							},
							"response": []
						},
						{
							"name": "无法删除会议发起者",
							"request": {
								"method": "DELETE",
								"header": [],
								"body": {
									"mode": "raw",
									"raw": ""
								},
								"url": "http://localhost:8080/api/user/meeting/2/user/1"
							},
							"response": []
						},
						{
							"name": "删除人员",
							"request": {
								"method": "DELETE",
								"header": [],
								"body": {
									"mode": "raw",
									"raw": ""
								},
								"url": "http://localhost:8080/api/user/meeting/2/user/6"
							},
							"response": []
						}
					],
					"_postman_isSubFolder": true
				},
				{
					"name": "会议资料",
					"item": [
						{
							"name": "添加会议资料",
							"request": {
								"method": "POST",
								"header": [
									{
										"key": "Content-Type",
										"name": "Content-Type",
										"value": "application/x-www-form-urlencoded",
										"type": "text"
									}
								],
								"body": {
									"mode": "urlencoded",
									"urlencoded": [
										{
											"key": "name",
											"value": "第一次会议资料",
											"type": "text"
										},
										{
											"key": "ctx",
											"value": "重要资料*2",
											"type": "text"
										}
									]
								},
								"url": "http://localhost:8080/api/user/meeting/2/res"
							},
							"response": []
						},
						{
							"name": "修改会议资料",
							"request": {
								"method": "PUT",
								"header": [
									{
										"key": "Content-Type",
										"name": "Content-Type",
										"value": "application/x-www-form-urlencoded",
										"type": "text"
									}
								],
								"body": {
									"mode": "urlencoded",
									"urlencoded": [
										{
											"key": "name",
											"value": "临时资料",
											"type": "text"
										},
										{
											"key": "ctx",
											"value": "重要资料*2",
											"type": "text",
											"disabled": true
										}
									]
								},
								"url": "http://localhost:8080/api/user/meeting/res/1"
							},
							"response": []
						},
						{
							"name": "删除会议资料",
							"request": {
								"method": "DELETE",
								"header": [
									{
										"key": "Content-Type",
										"name": "Content-Type",
										"value": "application/x-www-form-urlencoded",
										"type": "text"
									}
								],
								"body": {},
								"url": "http://localhost:8080/api/user/meeting/res/1"
							},
							"response": []
						},
						{
							"name": "查看资料",
							"protocolProfileBehavior": {
								"disableBodyPruning": true
							},
							"request": {
								"method": "GET",
								"header": [
									{
										"key": "Content-Type",
										"name": "Content-Type",
										"value": "application/x-www-form-urlencoded",
										"type": "text"
									}
								],
								"body": {
									"mode": "urlencoded",
									"urlencoded": [
										{
											"key": "name",
											"value": "第一次会议资料",
											"type": "text"
										},
										{
											"key": "ctx",
											"value": "重要资料*2",
											"type": "text"
										}
									]
								},
								"url": "http://localhost:8080/api/user/meeting/res/2"
							},
							"response": []
						}
					],
					"_postman_isSubFolder": true
				},
				{
					"name": "会议记录",
					"item": [
						{
							"name": "添加会议记录",
							"request": {
								"method": "POST",
								"header": [
									{
										"key": "Content-Type",
										"name": "Content-Type",
										"value": "application/x-www-form-urlencoded",
										"type": "text"
									}
								],
								"body": {
									"mode": "urlencoded",
									"urlencoded": [
										{
											"key": "name",
											"value": "第一次会议记录",
											"type": "text"
										},
										{
											"key": "ctx",
											"value": "记录记录",
											"type": "text"
										}
									]
								},
								"url": "http://localhost:8080/api/user/meeting/2/note"
							},
							"response": []
						},
						{
							"name": "修改会议记录",
							"request": {
								"method": "PUT",
								"header": [
									{
										"key": "Content-Type",
										"name": "Content-Type",
										"value": "application/x-www-form-urlencoded",
										"type": "text"
									}
								],
								"body": {
									"mode": "urlencoded",
									"urlencoded": [
										{
											"key": "name",
											"value": "简要记录",
											"type": "text"
										},
										{
											"key": "ctx",
											"value": "记录记录",
											"type": "text",
											"disabled": true
										}
									]
								},
								"url": "http://localhost:8080/api/user/meeting/note/1"
							},
							"response": []
						},
						{
							"name": "删除会议记录",
							"request": {
								"method": "DELETE",
								"header": [],
								"body": {
									"mode": "raw",
									"raw": ""
								},
								"url": "http://localhost:8080/api/user/meeting/note/1"
							},
							"response": []
						},
						{
							"name": "查看记录",
							"protocolProfileBehavior": {
								"disableBodyPruning": true
							},
							"request": {
								"method": "GET",
								"header": [
									{
										"key": "Content-Type",
										"name": "Content-Type",
										"value": "application/x-www-form-urlencoded",
										"type": "text"
									}
								],
								"body": {
									"mode": "urlencoded",
									"urlencoded": [
										{
											"key": "name",
											"value": "第一次会议资料",
											"type": "text"
										},
										{
											"key": "ctx",
											"value": "重要资料*2",
											"type": "text"
										}
									]
								},
								"url": "http://localhost:8080/api/user/meeting/note/2"
							},
							"response": []
						}
					],
					"_postman_isSubFolder": true
				},
				{
					"name": "会议活动（签到、即时通知）",
					"item": [
						{
							"name": "开始签到",
							"request": {
								"method": "GET",
								"header": [],
								"body": {
									"mode": "raw",
									"raw": ""
								},
								"url": "http://localhost:8080/api/user/meeting/2/sign_start"
							},
							"response": []
						},
						{
							"name": "签到",
							"request": {
								"method": "GET",
								"header": [],
								"body": {
									"mode": "raw",
									"raw": ""
								},
								"url": "http://localhost:8080/api/user/meeting/2/sign/682347"
							},
							"response": []
						},
						{
							"name": "签到表",
							"request": {
								"method": "GET",
								"header": [],
								"body": {
									"mode": "raw",
									"raw": ""
								},
								"url": "http://localhost:8080/api/user/meeting/2/sign"
							},
							"response": []
						},
						{
							"name": "发布通知",
							"request": {
								"method": "POST",
								"header": [
									{
										"key": "Content-Type",
										"name": "Content-Type",
										"value": "application/x-www-form-urlencoded",
										"type": "text"
									}
								],
								"body": {
									"mode": "urlencoded",
									"urlencoded": [
										{
											"key": "msg",
											"value": "这是一条通知",
											"type": "text"
										}
									]
								},
								"url": "http://localhost:8080/api/user/meeting/2/notice"
							},
							"response": []
						}
					],
					"_postman_isSubFolder": true
				}
			]
		}
	]
}